id,email,age,name,city
0,alice@example.com,28,Alice Johnson,New York
0,bob@example.com,34,Bob   Smith,Los Angeles
0,carol@example.com,31,Carol White,Chicago
9,chaim_mcdermott@dana.io,31,Glenna Reichert,Bartholomebury
0,frank@example.com,30,Frank Miller,Unknown
0,grace@example.com,22,Unknown,Boston
0,hank@example.com,31,Hank Wilson,Seattle
4,julianne.oconner@kory.org,31,Patricia Lebsack,South Elvis
6,karley_dach@jasper.info,31,Mrs. Dennis Schulist,South Christy
5,lucio_hettinger@annie.ca,31,Chelsey Dietrich,Roscoeview
3,nathan@yesenia.net,31,Clementine Bauch,Mckenziehaven
10,rey.padberg@karina.biz,31,Clementina Dubuque,Lebsackbury
2,shanna@melissa.tv,31,Ervin Howell,Wisokyburgh
8,sherwood@rosamond.me,31,Nicholas Runolfsdottir V,Aliyaview
1,sincere@april.biz,45,Leanne Graham,Gwenborough
7,telly.hoeger@billy.biz,31,Kurtis Weissnat,Howemouth
